company_name,domain
Ahead Innovation Labs,https://www.aheadinnovationlabs.com/
Alpharepo,https://www.alpharepo.com/
AQ22,https://aq22.ai/
Auquan,https://www.auquan.com/
Banker,https://www.banker.so/
Captide,https://www.captide.ai/
Carousel,https://usecarousel.com/
Catalyst,https://catalyst.app/
Causality AI,https://causaility.ai/
Checkmake Research,https://checkmateresearch.ai/
Clifton AI,https://cliftonai.com/
Complexiti,https://complexiti.ai/
Compound,https://getcompound.ai/
Current,https://www.usecurrent.ai/
Cyndx,https://www.cyndx.com/
Daloopa,https://daloopa.com/
Dataglade,https://dataglade.com/
Decisional AI,https://www.decisional.com/finance
Deep Insight Labs,https://deepinsightlabs.ai/
DeepVest,https://www.deepvest.ai/
Desia,https://www.desia.ai/
Dili AI,https://investors.dili.ai/
Docubridge,https://www.docubridge.ai/
Dotadda,https://knowledge.dotadda.io/
Elastics,https://www.elastics.ai/
Endex,https://endex.ai/
Entelligent,https://www.entelligent.ai/
Epoch,https://www.epoch.trade/
Exvai Research,https://exvai-research.com/
F2,https://www.f2.ai/
Farsight,https://www.farsight-ai.com/
Fey,https://www.fey.com/
Filot,https://www.filot.ai/
Finaipro,https://www.finaipro.com/
Financial AI,https://thefinancial.ai/
Finbar,https://finbar.com/
Finoco,https://finoco.ai/
Finpilot,https://finpilot.ai/
Finrep,https://finrep.ai/
Finster AI,https://finster.ai/
FinSynth,https://finsynth.ai/
Fintool,https://fintool.com/
Fira,https://firaresearch.com/
First Draft Research,https://firstdraftresearch.com/waitlist
Fiscal AI,https://fiscal.ai/
Fix Parser,https://fixparser.dev/
Formula Insight,https://www.formulainsight.io/
Fyva,https://www.fyva.ai/
Hebbia,https://hebbia.com/
Hudson Labs,https://hudson-labs.com/
Implied,https://implied.com/
Inven,https://www.inven.ai/
Invesst,https://invesst.ai/
Keru,https://www.keru.ai/
Keye,https://keye.co/
Kshana,https://www.kshana.ai/
Lamp AI,https://www.lampi.ai/
Lexfi,https://www.lexfi.ai/
LinqAlpha,https://linqalpha.com/
Marvin Labs,https://www.marvin-labs.com/
Matterfact,https://matterfact.com/
Mdotm,https://www.mdotm.ai/
Menos AI,https://www.menosai.com/
Metal,https://metal.ai/
Midas AI,https://getmidas.ai/
MLQ,https://mlq.ai/
Model Updater,https://modelupdater.com/
ModelML,https://www.modelml.com/
Nash,https://www.manhattancomputation.com/
Newcortex,https://www.newcortex.ai/
Nosible,https://nosible.ai/
Nummo,https://www.nummo.xyz/
Obi9 Technologies,https://www.obi9tech.com/
Octagon AI,https://octagonai.co/
Onwish,https://www.onwish.ai/
OpenBB,https://openbb.co/
Palmy Investing,https://palmyinvesting.com/
Pascal AI Labs,https://pascalailabs.com/
Pebble,https://pebble.finance/
Permutable AI,https://permutable.ai/
Phronesis Chat,http://www.phronesischat.ai/
Pinegap,https://www.pinegap.ai/
PleaseFix,https://pleasefix.ai/
Plux,https://plux.ai/
Portrait Analytics,https://www.portraitanalytics.ai/
Powder,https://www.powderfi.com/
Premia,https://premia.ai/
Primer,https://primerapp.com/
Prosights,https://prosights.co/
Prymer,https://prymer.ai/
Qualitate,https://qualitate.io/
Quantly,https://quantly-ai.com/
Quill AI,https://quillai.com/
Radpod,https://radpod.ai/
Reflexivity,https://reflexivity.com/
Revi,https://www.revi.ai/
Rivanna,https://www.rivanna.ai/
Rogo,https://rogo.ai/
Rowspace AI,https://rowspace.ai/
Samaya AI,https://samaya.ai/
Scalar Field,https://www.scalarfield.io/
Scend,https://www.scend.ai/
SEC Insights,https://secinsights.ai/
Serafis,https://serafis.ai/
Sibli,https://sibli.ai/
Sigtech,https://sigtech.com/
Six AI (Six HQ),https://sixhq.ai/
StockInsights AI,https://www.stockinsights.ai/
Stratalens,https://www.stratalens.ai/
Structify,https://structify.ai/
Synquery,https://www.synquery.ai/
Tenkay,https://tenkay.ai/
Tenzing Memo,https://tenzingmemo.com/
Terminal X,https://theterminalx.com/
Theia Insights,https://www.theiainsights.com/
Tolt IQ,https://www.toltiq.com/
Tornado AI,https://ai.tornado.com/
Tracelight,https://tracelight.ai/
Transcripts Platform Aeronaut,https://transcripts.platformaeronaut.com/
Trata,https://www.trytrata.com/
Understory,https://www.understorytech.com/
Unique AI,https://alexizydorczyk.com/Unique.ai
Uptrends.ai,https://uptrends.ai/
Value Sense,https://valuesense.io/
ValuWiki,https://www.valuwiki.com/
Velvet,https://www.velvetfs.com/
Village,https://village.dev/
Wissen AI,https://www.wissen-ai.com/
WithAI,https://withai.co/
Wokelo,https://www.wokelo.ai/
Zanista,https://zanista.ai/
ZeroWallStreet,https://zerowallstreet.com/
Zillion,https://www.tryzillion.com/
Zoonova,https://zoonova.com/
Aura,https://www.getaura.ai/
Brightdata,https://brightdata.com/
Databento,https://databento.com/
Datamule,https://datamule.xyz/
Exa,https://exa.ai/
Factonium,https://factonium.com/en-us/
Financial Datasets,https://www.financialdatasets.ai/
Financial Modeling Prep,https://site.financialmodelingprep.com/
Firecrawl,https://www.firecrawl.dev/
Forage AI,https://forage.ai/
Godel Terminal,https://godelterminal.com/
Kadoa,https://www.kadoa.com/
Parsym,https://www.parsym.com/
Polygon,https://polygon.io/
Sov.ai,https://sov.ai/
String AI,https://www.usestring.ai/
Twelve Data,https://twelvedata.com/
viaNexus,https://vianexus.com/
